ID,d,n,p
290398,7.0,18.0,0.0
290448,14.0,11.0,0.0
290749,0.0,7.0,18.0
291582,20.0,5.0,0.0
291707,12.0,13.0,0.0
291984,21.0,4.0,0.0
292056,12.0,13.0,0.0
292600,0.0,17.0,8.0
292789,13.0,12.0,0.0
293076,5.0,20.0,0.0
293473,5.0,20.0,0.0
293638,13.0,12.0,0.0
293773,10.0,15.0,0.0
294017,3.0,22.0,0.0
294439,12.0,13.0,0.0
294492,16.0,9.0,0.0
294731,0.0,20.0,5.0
294841,21.0,4.0,0.0
295082,16.0,9.0,0.0
295114,23.0,2.0,0.0
295638,10.0,15.0,0.0
295749,3.0,22.0,0.0
295928,7.0,18.0,0.0
296005,2.0,23.0,0.0
296008,4.0,21.0,0.0
296192,20.0,5.0,0.0
296443,0.0,8.0,17.0
296444,11.0,14.0,0.0
296687,4.0,21.0,0.0
296727,11.0,14.0,0.0
296837,0.0,16.0,9.0
296845,17.0,8.0,0.0
297259,0.0,20.0,5.0
297260,0.0,8.0,17.0
297393,13.0,12.0,0.0
297440,21.0,4.0,0.0
297490,11.0,14.0,0.0
297582,12.0,13.0,0.0
297631,11.0,14.0,0.0
297838,10.0,15.0,0.0
297843,2.0,23.0,0.0
297913,0.0,22.0,3.0
298133,16.0,9.0,0.0
298274,8.0,17.0,0.0
298307,14.0,11.0,0.0
298382,10.0,15.0,0.0
298534,0.0,10.0,15.0
298631,1.0,24.0,0.0
298680,0.0,15.0,10.0
298806,13.0,12.0,0.0
298815,4.0,21.0,0.0
298926,0.0,15.0,10.0
298968,4.0,21.0,0.0
298985,0.0,22.0,3.0
299202,0.0,17.0,8.0
299290,18.0,7.0,0.0
299309,13.0,12.0,0.0
299649,10.0,15.0,0.0
299651,10.0,15.0,0.0
299657,17.0,8.0,0.0
299674,22.0,3.0,0.0
299805,11.0,14.0,0.0
299957,0.0,22.0,3.0
300016,0.0,8.0,17.0
300489,0.0,23.0,2.0
300508,0.0,7.0,18.0
300550,9.0,16.0,0.0
301413,3.0,22.0,0.0
301493,9.0,3.0,13.0
301598,15.0,10.0,0.0
302056,12.0,13.0,0.0
302157,16.0,9.0,0.0
302371,16.0,9.0,0.0
302597,6.0,19.0,0.0
302608,0.0,10.0,15.0
302959,0.0,23.0,2.0
303055,0.0,8.0,17.0
303128,3.0,22.0,0.0
303366,0.0,15.0,10.0
303407,20.0,5.0,0.0
303590,5.0,20.0,0.0
303736,17.0,8.0,0.0
303793,0.0,22.0,3.0
304158,14.0,11.0,0.0
304259,10.0,15.0,0.0
304286,24.0,1.0,0.0
304288,21.0,4.0,0.0
304342,16.0,9.0,0.0
304590,4.0,21.0,0.0
304597,3.0,22.0,0.0
304901,3.0,22.0,0.0
304940,2.0,23.0,0.0
305070,0.0,17.0,8.0
305199,0.0,23.0,2.0
305226,13.0,12.0,0.0
305880,0.0,15.0,10.0
306364,0.0,15.0,10.0
306379,12.0,13.0,0.0
306491,10.0,15.0,0.0
307040,22.0,3.0,0.0
307271,22.0,3.0,0.0
307462,10.0,15.0,0.0
307475,0.0,18.0,7.0
307655,0.0,15.0,10.0
307802,21.0,4.0,0.0
307838,6.0,19.0,0.0
307867,11.0,14.0,0.0
308273,11.0,14.0,0.0
308528,11.0,14.0,0.0
308549,1.0,24.0,0.0
309111,14.0,11.0,0.0
309571,5.0,20.0,0.0
309761,7.0,18.0,0.0
310163,21.0,4.0,0.0
310194,8.0,17.0,0.0
310241,0.0,8.0,17.0
310267,2.0,23.0,0.0
310309,21.0,4.0,0.0
310315,0.0,20.0,5.0
310327,15.0,10.0,0.0
310533,13.0,12.0,0.0
310656,9.0,16.0,0.0
311204,20.0,5.0,0.0
311296,16.0,9.0,0.0
311356,3.0,22.0,0.0
311652,13.0,12.0,0.0
312687,13.0,12.0,0.0
312755,4.0,21.0,0.0
313082,19.0,6.0,0.0
313387,21.0,4.0,0.0
313411,3.0,22.0,0.0
313459,13.0,12.0,0.0
313776,0.0,18.0,7.0
313805,5.0,20.0,0.0
314198,9.0,16.0,0.0
314323,21.0,4.0,0.0
314465,0.0,4.0,21.0
314589,5.0,20.0,0.0
314752,13.0,12.0,0.0
314866,10.0,15.0,0.0
314974,3.0,22.0,0.0
315269,1.0,24.0,0.0
315330,0.0,13.0,12.0
315462,6.0,19.0,0.0
315524,8.0,17.0,0.0
315575,5.0,20.0,0.0
315602,4.0,21.0,0.0
315663,19.0,6.0,0.0
315787,4.0,21.0,0.0
316050,12.0,13.0,0.0
316096,10.0,15.0,0.0
316278,10.0,15.0,0.0
316456,0.0,15.0,10.0
316479,16.0,9.0,0.0
316609,22.0,3.0,0.0
316621,19.0,6.0,0.0
316644,10.0,15.0,0.0
316744,0.0,18.0,7.0
316777,0.0,7.0,18.0
317105,19.0,6.0,0.0
317303,13.0,12.0,0.0
317327,0.0,10.0,15.0
317606,10.0,15.0,0.0
317661,21.0,4.0,0.0
317802,13.0,12.0,0.0
317905,0.0,7.0,18.0
317993,0.0,20.0,5.0
318167,0.0,17.0,8.0
318209,13.0,12.0,0.0
318471,0.0,22.0,3.0
318541,0.0,5.0,20.0
318549,15.0,10.0,0.0
318576,0.0,18.0,7.0
318792,16.0,9.0,0.0
319008,0.0,7.0,18.0
319227,5.0,20.0,0.0
319277,13.0,12.0,0.0
319776,15.0,10.0,0.0
319803,12.0,13.0,0.0
319961,13.0,12.0,0.0
320040,22.0,3.0,0.0
320298,0.0,15.0,10.0
320333,4.0,21.0,0.0
320490,9.0,16.0,0.0
320496,13.0,12.0,0.0
320514,0.0,22.0,3.0
320541,7.0,18.0,0.0
320805,13.0,12.0,0.0
320847,9.0,16.0,0.0
320993,6.0,19.0,0.0
321181,12.0,13.0,0.0
321542,0.0,7.0,18.0
321595,5.0,20.0,0.0
321596,11.0,14.0,0.0
321647,12.0,13.0,0.0
321793,0.0,4.0,21.0
321969,14.0,11.0,0.0
322140,9.0,16.0,0.0
322379,12.0,13.0,0.0
322471,21.0,4.0,0.0
322545,5.0,20.0,0.0
322759,2.0,23.0,0.0
322857,18.0,7.0,0.0
323148,0.0,11.0,14.0
323328,11.0,14.0,0.0
323350,16.0,9.0,0.0
323573,7.0,18.0,0.0
323632,24.0,1.0,0.0
323646,9.0,16.0,0.0
323662,16.0,9.0,0.0
323766,0.0,13.0,12.0
323878,0.0,22.0,3.0
324655,14.0,11.0,0.0
324799,0.0,20.0,5.0
324944,13.0,12.0,0.0
325229,7.0,18.0,0.0
325234,13.0,12.0,0.0
325321,13.0,12.0,0.0
325378,10.0,15.0,0.0
325527,5.0,20.0,0.0
326108,0.0,13.0,12.0
326604,13.0,12.0,0.0
326974,0.0,12.0,13.0
326979,20.0,5.0,0.0
327188,8.0,17.0,0.0
327406,15.0,10.0,0.0
327407,0.0,12.0,13.0
327563,0.0,18.0,7.0
327748,0.0,24.0,1.0
328281,13.0,12.0,0.0
328322,5.0,20.0,0.0
328452,0.0,23.0,2.0
328536,0.0,20.0,5.0
328769,0.0,12.0,13.0
328775,0.0,12.0,13.0
328870,7.0,18.0,0.0
329107,3.0,22.0,0.0
329179,7.0,18.0,0.0
329437,17.0,8.0,0.0
329488,8.0,17.0,0.0
329688,8.0,17.0,0.0
329705,0.0,8.0,17.0
330176,9.0,16.0,0.0
330693,0.0,7.0,18.0
330703,8.0,17.0,0.0
330913,21.0,4.0,0.0
331053,20.0,5.0,0.0
331088,18.0,7.0,0.0
331395,9.0,16.0,0.0
331519,9.0,16.0,0.0
331611,14.0,11.0,0.0
331946,18.0,7.0,0.0
332145,0.0,13.0,12.0
332463,11.0,14.0,0.0
332740,10.0,15.0,0.0
332756,9.0,16.0,0.0
332780,0.0,12.0,13.0
333102,4.0,21.0,0.0
333148,15.0,10.0,0.0
333222,21.0,4.0,0.0
333640,13.0,12.0,0.0
333814,11.0,14.0,0.0
334037,0.0,4.0,21.0
334512,13.0,12.0,0.0
334559,4.0,21.0,0.0
334729,0.0,8.0,17.0
334830,2.0,23.0,0.0
335051,6.0,19.0,0.0
335101,20.0,5.0,0.0
335592,18.0,7.0,0.0
335765,18.0,7.0,0.0
335810,16.0,9.0,0.0
335895,2.0,23.0,0.0
335949,10.0,15.0,0.0
336183,13.0,12.0,0.0
336521,23.0,2.0,0.0
336583,9.0,16.0,0.0
336839,15.0,10.0,0.0
336920,0.0,9.0,16.0
336921,0.0,24.0,1.0
337090,10.0,15.0,0.0
337196,12.0,13.0,0.0
337355,0.0,23.0,2.0
337379,13.0,12.0,0.0
337500,0.0,8.0,17.0
337778,3.0,22.0,0.0
338076,21.0,4.0,0.0
338625,11.0,14.0,0.0
338659,10.0,15.0,0.0
338769,4.0,21.0,0.0
338885,14.0,11.0,0.0
339372,20.0,5.0,0.0
339406,3.0,22.0,0.0
339437,10.0,15.0,0.0
339540,13.0,12.0,0.0
339685,13.0,12.0,0.0
339885,10.0,15.0,0.0
340097,1.0,24.0,0.0
340203,15.0,10.0,0.0
340576,0.0,17.0,8.0
340577,10.0,15.0,0.0
340660,3.0,22.0,0.0
340945,7.0,18.0,0.0
341089,0.0,12.0,13.0
341169,10.0,15.0,0.0
341308,12.0,13.0,0.0
341365,10.0,15.0,0.0
341463,12.0,13.0,0.0
341503,0.0,7.0,18.0
341639,16.0,9.0,0.0
342205,21.0,4.0,0.0
342771,0.0,7.0,18.0
342781,11.0,14.0,0.0
342816,18.0,7.0,0.0
343020,10.0,15.0,0.0
343032,0.0,9.0,16.0
343034,12.0,13.0,0.0
343072,0.0,7.0,18.0
343181,21.0,4.0,0.0
343248,22.0,3.0,0.0
343400,9.0,16.0,0.0
343467,10.0,2.0,13.0
343563,10.0,15.0,0.0
343569,0.0,20.0,5.0
343866,12.0,13.0,0.0
344017,0.0,22.0,3.0
344021,10.0,15.0,0.0
344151,9.0,16.0,0.0
345062,18.0,7.0,0.0
345517,16.0,9.0,0.0
345592,0.0,1.0,24.0
345804,13.0,12.0,0.0
345807,22.0,3.0,0.0
345868,22.0,3.0,0.0
346003,14.0,11.0,0.0
346613,16.0,9.0,0.0
346627,6.0,19.0,0.0
348184,0.0,15.0,10.0
348431,10.0,15.0,0.0
348511,0.0,12.0,13.0
348575,16.0,9.0,0.0
348678,0.0,12.0,13.0
348716,14.0,11.0,0.0
349212,0.0,12.0,13.0
349306,2.0,23.0,0.0
349314,16.0,9.0,0.0
349532,0.0,13.0,12.0
349990,16.0,9.0,0.0
350130,0.0,12.0,13.0
350215,14.0,11.0,0.0
350603,8.0,17.0,0.0
350764,11.0,14.0,0.0
350966,10.0,15.0,0.0
351068,12.0,13.0,0.0
351383,13.0,12.0,0.0
351699,6.0,19.0,0.0
352020,0.0,7.0,18.0
352311,0.0,10.0,15.0
352358,0.0,13.0,12.0
352873,3.0,22.0,0.0
352920,24.0,1.0,0.0
353445,7.0,18.0,0.0
353506,13.0,12.0,0.0
353688,12.0,13.0,0.0
354085,0.0,18.0,7.0
354133,13.0,12.0,0.0
354161,13.0,12.0,0.0
354646,13.0,12.0,0.0
354764,11.0,14.0,0.0
354979,22.0,3.0,0.0
355115,0.0,10.0,15.0
355688,12.0,13.0,0.0
356215,15.0,10.0,0.0
356242,12.0,13.0,0.0
356392,12.0,13.0,0.0
356471,5.0,20.0,0.0
356965,21.0,4.0,0.0
357166,20.0,5.0,0.0
357284,11.0,14.0,0.0
357540,5.0,20.0,0.0
357553,6.0,19.0,0.0
357910,0.0,7.0,18.0
358164,13.0,12.0,0.0
358234,0.0,19.0,6.0
358265,0.0,16.0,9.0
358280,12.0,13.0,0.0
358364,0.0,11.0,14.0
358416,9.0,16.0,0.0
358429,11.0,14.0,0.0
358584,13.0,12.0,0.0
358645,10.0,15.0,0.0
358862,21.0,4.0,0.0
358977,13.0,12.0,0.0
359046,18.0,7.0,0.0
359210,1.0,24.0,0.0
359273,5.0,20.0,0.0
359542,9.0,16.0,0.0
359591,0.0,17.0,8.0
359704,20.0,5.0,0.0
359859,0.0,16.0,9.0
360086,10.0,15.0,0.0
360230,9.0,3.0,13.0
360581,22.0,3.0,0.0
360723,0.0,10.0,15.0
360799,2.0,23.0,0.0
360837,3.0,22.0,0.0
361054,3.0,22.0,0.0
361128,0.0,9.0,16.0
361254,20.0,5.0,0.0
361611,12.0,13.0,0.0
361781,10.0,15.0,0.0
361963,21.0,4.0,0.0
362021,4.0,21.0,0.0
362611,10.0,15.0,0.0
362620,23.0,2.0,0.0
362641,16.0,9.0,0.0
362777,24.0,1.0,0.0
362818,13.0,12.0,0.0
363080,2.0,23.0,0.0
363336,15.0,10.0,0.0
363365,0.0,8.0,17.0
364154,10.0,15.0,0.0
364290,3.0,22.0,0.0
364437,0.0,23.0,2.0
364453,3.0,22.0,0.0
364580,3.0,22.0,0.0
364930,0.0,18.0,7.0
365035,14.0,11.0,0.0
365123,13.0,12.0,0.0
365497,10.0,15.0,0.0
365525,19.0,6.0,0.0
365542,13.0,12.0,0.0
365729,13.0,12.0,0.0
365904,10.0,15.0,0.0
365960,0.0,10.0,15.0
366262,22.0,3.0,0.0
366403,10.0,15.0,0.0
366413,6.0,19.0,0.0
366576,16.0,9.0,0.0
366664,13.0,12.0,0.0
367350,9.0,16.0,0.0
367496,6.0,19.0,0.0
367682,14.0,11.0,0.0
367820,5.0,20.0,0.0
367875,0.0,12.0,13.0
368489,7.0,18.0,0.0
368778,1.0,24.0,0.0
368964,10.0,15.0,0.0
369066,11.0,14.0,0.0
369737,23.0,2.0,0.0
370085,0.0,23.0,2.0
370434,0.0,18.0,7.0
370747,10.0,15.0,0.0
370759,10.0,15.0,0.0
371336,13.0,12.0,0.0
371406,0.0,15.0,10.0
371950,12.0,13.0,0.0
372263,0.0,20.0,5.0
372302,21.0,4.0,0.0
372341,22.0,3.0,0.0
372423,5.0,20.0,0.0
372435,10.0,15.0,0.0
372533,7.0,18.0,0.0
372535,0.0,10.0,15.0
372988,22.0,3.0,0.0
373082,20.0,5.0,0.0
373358,16.0,9.0,0.0
373452,0.0,9.0,16.0
373698,12.0,13.0,0.0
373734,3.0,22.0,0.0
374054,10.0,15.0,0.0
374076,12.0,13.0,0.0
374089,0.0,9.0,16.0
374184,0.0,18.0,7.0
374934,10.0,15.0,0.0
374997,0.0,7.0,18.0
375105,4.0,21.0,0.0
375159,16.0,9.0,0.0
375198,0.0,19.0,6.0
375270,3.0,22.0,0.0
375448,3.0,22.0,0.0
375494,0.0,9.0,16.0
376243,10.0,15.0,0.0
376570,0.0,5.0,20.0
376953,12.0,13.0,0.0
377019,0.0,17.0,8.0
377083,6.0,19.0,0.0
377104,10.0,15.0,0.0
377124,7.0,18.0,0.0
377125,21.0,4.0,0.0
377628,3.0,22.0,0.0
377801,11.0,14.0,0.0
377811,8.0,17.0,0.0
377813,0.0,17.0,8.0
378085,0.0,8.0,17.0
378110,0.0,17.0,8.0
378375,5.0,20.0,0.0
378445,0.0,7.0,18.0
378640,10.0,15.0,0.0
378786,13.0,12.0,0.0
378862,21.0,4.0,0.0
379043,12.0,13.0,0.0
379224,0.0,3.0,22.0
379521,6.0,19.0,0.0
379608,17.0,8.0,0.0
379619,12.0,13.0,0.0
379719,13.0,12.0,0.0
379785,0.0,7.0,18.0
379795,3.0,22.0,0.0
380193,3.0,22.0,0.0
380273,8.0,17.0,0.0
380437,7.0,18.0,0.0
381891,0.0,7.0,18.0
382048,11.0,14.0,0.0
382511,18.0,7.0,0.0
382686,23.0,2.0,0.0
383052,6.0,19.0,0.0
383135,15.0,10.0,0.0
383306,16.0,9.0,0.0
383589,2.0,23.0,0.0
383607,20.0,5.0,0.0
384030,6.0,19.0,0.0
384052,0.0,19.0,6.0
384210,9.0,16.0,0.0
384402,4.0,21.0,0.0
384432,3.0,22.0,0.0
384640,0.0,4.0,21.0
384786,2.0,23.0,0.0
385214,12.0,13.0,0.0
385684,0.0,17.0,8.0
385738,5.0,20.0,0.0
385980,17.0,8.0,0.0
386209,11.0,14.0,0.0
386731,16.0,9.0,0.0
386798,0.0,22.0,3.0
386827,7.0,18.0,0.0
387631,19.0,6.0,0.0
387737,8.0,17.0,0.0
387865,0.0,17.0,8.0
388007,7.0,18.0,0.0
388019,12.0,13.0,0.0
388025,5.0,20.0,0.0
388090,10.0,15.0,0.0
388404,11.0,14.0,0.0
388455,23.0,2.0,0.0
388658,23.0,2.0,0.0
389152,18.0,7.0,0.0
390009,8.0,17.0,0.0
390012,8.0,17.0,0.0
390247,0.0,9.0,16.0
390417,16.0,9.0,0.0
390453,22.0,3.0,0.0
390655,22.0,3.0,0.0
390673,0.0,8.0,17.0
390697,10.0,15.0,0.0
390836,18.0,7.0,0.0
390988,10.0,15.0,0.0
391260,9.0,16.0,0.0
391297,0.0,20.0,5.0
391522,2.0,23.0,0.0
391542,11.0,14.0,0.0
391590,19.0,6.0,0.0
391665,9.0,16.0,0.0
391684,7.0,18.0,0.0
392079,4.0,21.0,0.0
392564,10.0,15.0,0.0
392768,4.0,21.0,0.0
392775,10.0,15.0,0.0
393029,3.0,22.0,0.0
393086,0.0,11.0,14.0
393195,0.0,5.0,20.0
393301,2.0,23.0,0.0
393341,10.0,15.0,0.0
393685,0.0,4.0,21.0
393926,10.0,15.0,0.0
394488,21.0,4.0,0.0
394984,16.0,9.0,0.0
395260,10.0,15.0,0.0
395615,10.0,15.0,0.0
395990,0.0,3.0,22.0
396371,15.0,10.0,0.0
396416,18.0,7.0,0.0
396618,0.0,20.0,5.0
396720,3.0,22.0,0.0
396920,21.0,4.0,0.0
397276,14.0,11.0,0.0
397746,11.0,14.0,0.0
397841,11.0,14.0,0.0
397868,10.0,15.0,0.0
398183,5.0,20.0,0.0
398210,0.0,18.0,7.0
398404,22.0,3.0,0.0
398564,0.0,15.0,10.0
398641,0.0,22.0,3.0
398728,0.0,12.0,13.0
398859,2.0,23.0,0.0
399021,0.0,9.0,16.0
399194,12.0,13.0,0.0
399272,0.0,12.0,13.0
399334,12.0,13.0,0.0
399349,16.0,9.0,0.0
399413,3.0,22.0,0.0
399673,20.0,5.0,0.0
399825,11.0,14.0,0.0
399847,13.0,12.0,0.0
400093,8.0,17.0,0.0
400234,13.0,12.0,0.0
400977,0.0,10.0,15.0
401291,18.0,7.0,0.0
401375,0.0,8.0,17.0
401380,21.0,4.0,0.0
401959,12.0,13.0,0.0
402304,20.0,5.0,0.0
402574,0.0,18.0,7.0
403221,0.0,10.0,15.0
403278,6.0,19.0,0.0
403325,0.0,15.0,10.0
403371,13.0,12.0,0.0
403765,7.0,18.0,0.0
403789,10.0,15.0,0.0
404033,10.0,15.0,0.0
404303,10.0,15.0,0.0
404535,12.0,13.0,0.0
404740,4.0,21.0,0.0
405282,16.0,9.0,0.0
405430,0.0,10.0,15.0
405443,0.0,17.0,8.0
405511,21.0,4.0,0.0
405757,13.0,12.0,0.0
406268,0.0,4.0,21.0
406617,5.0,20.0,0.0
407096,4.0,21.0,0.0
407144,11.0,14.0,0.0
407478,4.0,21.0,0.0
407621,8.0,17.0,0.0
407688,20.0,5.0,0.0
407777,10.0,15.0,0.0
407784,0.0,5.0,20.0
407802,5.0,20.0,0.0
407864,0.0,12.0,13.0
408270,21.0,4.0,0.0
408515,21.0,4.0,0.0
408597,3.0,22.0,0.0
408663,12.0,13.0,0.0
408719,20.0,5.0,0.0
409137,1.0,24.0,0.0
409288,13.0,12.0,0.0
409887,0.0,7.0,18.0
410342,10.0,15.0,0.0
410538,11.0,14.0,0.0
410542,13.0,12.0,0.0
410800,11.0,14.0,0.0
410826,0.0,17.0,8.0
410904,5.0,20.0,0.0
411141,3.0,22.0,0.0
411483,10.0,15.0,0.0
411507,17.0,8.0,0.0
411747,0.0,17.0,8.0
411768,21.0,4.0,0.0
412158,7.0,18.0,0.0
412205,12.0,13.0,0.0
412334,19.0,6.0,0.0
412491,5.0,20.0,0.0
412521,10.0,15.0,0.0
412956,10.0,15.0,0.0
413136,0.0,13.0,12.0
413146,20.0,5.0,0.0
413553,15.0,10.0,0.0
413621,12.0,13.0,0.0
413924,14.0,11.0,0.0
413927,3.0,22.0,0.0
414158,22.0,3.0,0.0
414326,3.0,22.0,0.0
414391,21.0,4.0,0.0
414448,16.0,9.0,0.0
414652,11.0,14.0,0.0
414910,5.0,20.0,0.0
415022,0.0,4.0,21.0
415118,12.0,13.0,0.0
415188,21.0,4.0,0.0
415400,18.0,7.0,0.0
415587,10.0,15.0,0.0
415627,9.0,16.0,0.0
415643,5.0,20.0,0.0
415648,9.0,16.0,0.0
415684,3.0,22.0,0.0
415775,0.0,20.0,5.0
415784,13.0,12.0,0.0
415987,0.0,8.0,17.0
415994,13.0,12.0,0.0
416535,0.0,23.0,2.0
416579,0.0,17.0,8.0
416602,6.0,19.0,0.0
416616,2.0,23.0,0.0
416701,15.0,10.0,0.0
416712,0.0,16.0,9.0
416988,12.0,13.0,0.0
417226,12.0,13.0,0.0
417293,0.0,8.0,17.0
417567,19.0,6.0,0.0
417870,0.0,12.0,13.0
417892,0.0,4.0,21.0
418178,10.0,15.0,0.0
418298,0.0,7.0,18.0
418320,13.0,12.0,0.0
419226,6.0,19.0,0.0
419626,5.0,20.0,0.0
420094,13.0,12.0,0.0
420233,10.0,15.0,0.0
420685,15.0,10.0,0.0
420820,10.0,15.0,0.0
421048,13.0,12.0,0.0
421078,14.0,11.0,0.0
421167,12.0,13.0,0.0
421531,0.0,8.0,17.0
421668,13.0,12.0,0.0
421841,0.0,5.0,20.0
422433,8.0,17.0,0.0
422490,0.0,18.0,7.0
422516,20.0,5.0,0.0
422541,5.0,20.0,0.0
422544,8.0,17.0,0.0
423089,21.0,4.0,0.0
423377,0.0,20.0,5.0
423783,20.0,5.0,0.0
424256,10.0,15.0,0.0
424261,3.0,22.0,0.0
424348,6.0,19.0,0.0
424656,0.0,10.0,15.0
424675,4.0,21.0,0.0
424707,0.0,14.0,11.0
424804,4.0,21.0,0.0
424831,15.0,10.0,0.0
424856,0.0,9.0,16.0
425066,10.0,15.0,0.0
425128,21.0,4.0,0.0
425172,6.0,19.0,0.0
425371,0.0,8.0,17.0
425706,20.0,5.0,0.0
425870,0.0,22.0,3.0
425873,11.0,14.0,0.0
425924,20.0,5.0,0.0
425999,6.0,19.0,0.0
426232,0.0,17.0,8.0
426366,0.0,15.0,10.0
426791,9.0,16.0,0.0
426935,5.0,20.0,0.0
427057,21.0,4.0,0.0
427272,24.0,1.0,0.0
427466,0.0,17.0,8.0
427689,19.0,6.0,0.0
427846,16.0,9.0,0.0
427892,0.0,7.0,18.0
428092,0.0,15.0,10.0
428334,16.0,9.0,0.0
428465,1.0,24.0,0.0
428596,7.0,18.0,0.0
428701,14.0,11.0,0.0
428749,2.0,23.0,0.0
428812,20.0,5.0,0.0
428878,5.0,20.0,0.0
428887,5.0,20.0,0.0
428906,1.0,24.0,0.0
429367,0.0,18.0,7.0
429746,11.0,14.0,0.0
429798,18.0,7.0,0.0
429924,0.0,17.0,8.0
429946,14.0,11.0,0.0
430264,0.0,12.0,13.0
430266,0.0,7.0,18.0
430291,0.0,12.0,13.0
430387,13.0,12.0,0.0
430558,14.0,11.0,0.0
430718,20.0,5.0,0.0
430998,0.0,9.0,16.0
431346,0.0,8.0,17.0
431468,9.0,16.0,0.0
431577,5.0,20.0,0.0
431794,8.0,17.0,0.0
432065,11.0,14.0,0.0
432217,21.0,4.0,0.0
432239,10.0,15.0,0.0
432255,10.0,15.0,0.0
432544,15.0,10.0,0.0
432694,10.0,15.0,0.0
432796,5.0,20.0,0.0
432875,0.0,5.0,20.0
433115,5.0,20.0,0.0
433622,7.0,18.0,0.0
433752,1.0,24.0,0.0
433781,0.0,15.0,10.0
434035,4.0,21.0,0.0
434164,0.0,13.0,12.0
434271,3.0,22.0,0.0
434293,1.0,24.0,0.0
434467,10.0,15.0,0.0
434704,3.0,22.0,0.0
434730,0.0,16.0,9.0
434963,0.0,10.0,15.0
435115,10.0,15.0,0.0
435240,22.0,3.0,0.0
435552,0.0,23.0,2.0
435757,9.0,16.0,0.0
435778,10.0,15.0,0.0
435805,15.0,10.0,0.0
435828,0.0,16.0,9.0
436095,10.0,15.0,0.0
436579,10.0,15.0,0.0
436737,1.0,24.0,0.0
436754,3.0,22.0,0.0
436949,4.0,21.0,0.0
437096,11.0,14.0,0.0
437428,8.0,17.0,0.0
437527,0.0,7.0,18.0
437867,3.0,22.0,0.0
437911,11.0,14.0,0.0
438284,3.0,22.0,0.0
438502,9.0,16.0,0.0
438575,13.0,12.0,0.0
438582,0.0,7.0,18.0
438689,12.0,13.0,0.0
438838,14.0,11.0,0.0
438897,9.0,16.0,0.0
439013,14.0,11.0,0.0
439247,0.0,18.0,7.0
439321,10.0,15.0,0.0
439426,5.0,20.0,0.0
439806,6.0,19.0,0.0
440220,21.0,4.0,0.0
440302,15.0,10.0,0.0
440748,16.0,9.0,0.0
440808,6.0,19.0,0.0
440843,5.0,20.0,0.0
440901,4.0,21.0,0.0
440999,2.0,23.0,0.0
441006,7.0,18.0,0.0
441072,11.0,14.0,0.0
441195,14.0,11.0,0.0
441343,13.0,12.0,0.0
441971,0.0,20.0,5.0
442352,9.0,16.0,0.0
442523,13.0,12.0,0.0
442544,0.0,15.0,10.0
442638,0.0,5.0,20.0
442789,0.0,7.0,18.0
442996,15.0,10.0,0.0
443203,0.0,12.0,13.0
443303,15.0,10.0,0.0
443460,5.0,20.0,0.0
443732,0.0,12.0,13.0
443805,12.0,13.0,0.0
443862,18.0,7.0,0.0
444014,9.0,16.0,0.0
444171,8.0,17.0,0.0
444507,13.0,12.0,0.0
444541,17.0,8.0,0.0
444873,3.0,22.0,0.0
444957,10.0,15.0,0.0
445218,5.0,20.0,0.0
445346,15.0,10.0,0.0
445363,3.0,22.0,0.0
445397,12.0,13.0,0.0
445470,3.0,22.0,0.0
445582,13.0,12.0,0.0
445826,5.0,20.0,0.0
445827,11.0,14.0,0.0
445875,23.0,2.0,0.0
446228,11.0,14.0,0.0
446260,12.0,13.0,0.0
446735,10.0,15.0,0.0
446863,13.0,12.0,0.0
446968,12.0,13.0,0.0
446972,7.0,18.0,0.0
447044,0.0,15.0,10.0
447228,12.0,13.0,0.0
447247,10.0,15.0,0.0
447248,7.0,18.0,0.0
447958,10.0,15.0,0.0
447978,6.0,19.0,0.0
448087,21.0,4.0,0.0
448355,3.0,22.0,0.0
448659,0.0,15.0,10.0
448695,24.0,1.0,0.0
448704,3.0,22.0,0.0
448721,10.0,15.0,0.0
448888,3.0,22.0,0.0
448922,21.0,4.0,0.0
449151,12.0,13.0,0.0
449192,21.0,4.0,0.0
449350,21.0,4.0,0.0
449430,9.0,16.0,0.0
449492,0.0,10.0,15.0
449556,13.0,12.0,0.0
449597,14.0,11.0,0.0
449977,0.0,21.0,4.0
450429,6.0,19.0,0.0
450439,0.0,22.0,3.0
450549,20.0,5.0,0.0
450691,0.0,10.0,15.0
451537,2.0,23.0,0.0
451593,10.0,15.0,0.0
451847,0.0,15.0,10.0
452155,18.0,7.0,0.0
452164,9.0,16.0,0.0
452259,16.0,9.0,0.0
452311,12.0,13.0,0.0
452456,16.0,9.0,0.0
452539,7.0,18.0,0.0
452830,10.0,15.0,0.0
452848,0.0,7.0,18.0
453054,0.0,17.0,8.0
453233,10.0,15.0,0.0
453339,0.0,10.0,15.0
453636,0.0,4.0,21.0
454213,13.0,12.0,0.0
454328,20.0,5.0,0.0
454623,16.0,9.0,0.0
454707,10.0,15.0,0.0
454947,0.0,8.0,17.0
455261,0.0,18.0,7.0
455378,6.0,19.0,0.0
455387,0.0,17.0,8.0
455493,14.0,11.0,0.0
455709,18.0,7.0,0.0
455853,0.0,22.0,3.0
456134,4.0,21.0,0.0
457418,0.0,16.0,9.0
457486,20.0,5.0,0.0
457533,0.0,8.0,17.0
457572,10.0,15.0,0.0
457836,11.0,14.0,0.0
457838,0.0,8.0,17.0
457965,10.0,15.0,0.0
458135,14.0,11.0,0.0
458157,12.0,13.0,0.0
458166,0.0,9.0,16.0
458538,4.0,21.0,0.0
458601,13.0,12.0,0.0
458632,4.0,21.0,0.0
458817,0.0,8.0,17.0
459160,13.0,12.0,0.0
459343,0.0,17.0,8.0
459483,17.0,8.0,0.0
459663,0.0,7.0,18.0
459838,21.0,4.0,0.0
459856,4.0,21.0,0.0
460282,0.0,10.0,15.0
460775,20.0,5.0,0.0
460809,0.0,24.0,1.0
460928,0.0,15.0,10.0
461187,0.0,8.0,17.0
461221,0.0,22.0,3.0
461359,15.0,10.0,0.0
461403,16.0,9.0,0.0
461624,10.0,15.0,0.0
461659,10.0,15.0,0.0
461794,11.0,14.0,0.0
461808,6.0,19.0,0.0
462047,11.0,14.0,0.0
462139,11.0,14.0,0.0
462208,4.0,21.0,0.0
462468,4.0,21.0,0.0
462561,9.0,16.0,0.0
462721,0.0,17.0,8.0
462756,4.0,21.0,0.0
462779,3.0,22.0,0.0
462803,4.0,21.0,0.0
463135,9.0,16.0,0.0
463181,0.0,10.0,15.0
463187,0.0,7.0,18.0
463750,21.0,4.0,0.0
463853,0.0,17.0,8.0
464041,0.0,1.0,24.0
464052,14.0,11.0,0.0
464102,13.0,12.0,0.0
464159,1.0,24.0,0.0
464171,19.0,6.0,0.0
464532,21.0,4.0,0.0
464836,20.0,5.0,0.0
464952,2.0,23.0,0.0
465010,3.0,22.0,0.0
465128,3.0,22.0,0.0
465257,3.0,22.0,0.0
465297,11.0,14.0,0.0
465455,10.0,15.0,0.0
465492,21.0,4.0,0.0
465543,18.0,7.0,0.0
465633,10.0,15.0,0.0
465987,6.0,19.0,0.0
466072,12.0,13.0,0.0
466088,0.0,22.0,3.0
466130,0.0,21.0,4.0
466764,0.0,23.0,2.0
466773,2.0,23.0,0.0
467052,3.0,22.0,0.0
467337,0.0,21.0,4.0
467358,13.0,12.0,0.0
467725,0.0,9.0,16.0
468074,10.0,15.0,0.0
468132,21.0,4.0,0.0
468154,10.0,15.0,0.0
468161,11.0,14.0,0.0
468249,23.0,2.0,0.0
468346,6.0,19.0,0.0
468943,11.0,14.0,0.0
469130,13.0,12.0,0.0
469543,11.0,14.0,0.0
469547,14.0,11.0,0.0
469647,0.0,18.0,7.0
469771,17.0,8.0,0.0
470418,6.0,19.0,0.0
470535,0.0,7.0,18.0
470611,3.0,22.0,0.0
470679,5.0,20.0,0.0
470968,21.0,4.0,0.0
471235,6.0,19.0,0.0
471282,7.0,18.0,0.0
471491,10.0,15.0,0.0
471594,6.0,19.0,0.0
471773,10.0,15.0,0.0
471798,10.0,15.0,0.0
471892,13.0,12.0,0.0
471903,0.0,15.0,10.0
472176,3.0,22.0,0.0
472331,5.0,20.0,0.0
472556,0.0,22.0,3.0
472685,0.0,4.0,21.0
473087,3.0,22.0,0.0
473098,14.0,11.0,0.0
473105,6.0,19.0,0.0
473309,3.0,22.0,0.0
473452,12.0,13.0,0.0
473666,8.0,17.0,0.0
473757,0.0,7.0,18.0
473860,14.0,11.0,0.0
473962,0.0,20.0,5.0
474215,14.0,11.0,0.0
474220,19.0,6.0,0.0
474352,19.0,6.0,0.0
474452,0.0,21.0,4.0
474603,0.0,17.0,8.0
474610,4.0,21.0,0.0
474660,6.0,19.0,0.0
474807,0.0,8.0,17.0
474846,13.0,12.0,0.0
474900,0.0,17.0,8.0
474945,13.0,12.0,0.0
474994,7.0,18.0,0.0
475106,0.0,19.0,6.0
475167,0.0,12.0,13.0
475430,5.0,20.0,0.0
475766,0.0,22.0,3.0
475773,11.0,14.0,0.0
475951,16.0,9.0,0.0
476039,16.0,9.0,0.0
476103,11.0,14.0,0.0
476360,11.0,14.0,0.0
476673,0.0,7.0,18.0
476743,0.0,8.0,17.0
476791,0.0,15.0,10.0
476837,0.0,4.0,21.0
477203,8.0,17.0,0.0
477261,13.0,12.0,0.0
477565,0.0,7.0,18.0
477573,16.0,9.0,0.0
478075,13.0,12.0,0.0
478616,3.0,22.0,0.0
478788,10.0,15.0,0.0
478913,7.0,18.0,0.0
479273,13.0,12.0,0.0
479986,13.0,12.0,0.0
480058,24.0,1.0,0.0
480185,16.0,9.0,0.0
480220,13.0,12.0,0.0
480380,17.0,8.0,0.0
480616,15.0,10.0,0.0
480858,12.0,13.0,0.0
480884,16.0,9.0,0.0
481101,0.0,15.0,10.0
481154,10.0,15.0,0.0
481437,16.0,9.0,0.0
481553,13.0,12.0,0.0
481660,11.0,14.0,0.0
481812,12.0,13.0,0.0
481955,0.0,8.0,17.0
482100,6.0,19.0,0.0
482365,16.0,9.0,0.0
482405,12.0,13.0,0.0
482431,10.0,15.0,0.0
482501,3.0,22.0,0.0
482576,0.0,8.0,17.0
482950,0.0,13.0,12.0
483186,7.0,18.0,0.0
483288,0.0,20.0,5.0
483478,10.0,15.0,0.0
483523,4.0,21.0,0.0
483725,21.0,4.0,0.0
483844,4.0,21.0,0.0
484077,5.0,20.0,0.0
484391,17.0,8.0,0.0
484897,14.0,11.0,0.0
485083,23.0,2.0,0.0
485410,0.0,15.0,10.0
485591,20.0,5.0,0.0
486039,3.0,22.0,0.0
486092,13.0,12.0,0.0
486345,8.0,17.0,0.0
486499,0.0,16.0,9.0
486903,1.0,24.0,0.0
486943,17.0,8.0,0.0
487002,0.0,17.0,8.0
487177,0.0,15.0,10.0
487302,0.0,20.0,5.0
487486,21.0,4.0,0.0
487514,21.0,4.0,0.0
487931,20.0,5.0,0.0
488193,0.0,8.0,17.0
488235,0.0,16.0,9.0
488639,10.0,15.0,0.0
488652,4.0,21.0,0.0
488732,0.0,7.0,18.0
488903,4.0,21.0,0.0
488965,16.0,9.0,0.0
489013,0.0,19.0,6.0
489080,8.0,17.0,0.0
489091,0.0,8.0,17.0
489212,21.0,4.0,0.0
489792,7.0,18.0,0.0
490371,12.0,13.0,0.0
490385,0.0,18.0,7.0
490420,1.0,24.0,0.0
490713,4.0,21.0,0.0
490887,16.0,9.0,0.0
491237,24.0,1.0,0.0
491556,7.0,18.0,0.0
491685,13.0,12.0,0.0
492257,9.0,16.0,0.0
492452,8.0,17.0,0.0
492588,0.0,9.0,16.0
492818,7.0,18.0,0.0
492972,6.0,19.0,0.0
493088,21.0,4.0,0.0
493228,11.0,14.0,0.0
493726,2.0,23.0,0.0
493849,14.0,11.0,0.0
494171,13.0,12.0,0.0
494257,0.0,18.0,7.0
494497,10.0,15.0,0.0
494584,1.0,24.0,0.0
494630,0.0,4.0,21.0
494791,2.0,23.0,0.0
494848,16.0,9.0,0.0
495257,3.0,22.0,0.0
495809,0.0,7.0,18.0
495830,0.0,18.0,7.0
495862,10.0,15.0,0.0
495992,9.0,16.0,0.0
496055,0.0,17.0,8.0
496321,22.0,3.0,0.0
496337,3.0,22.0,0.0
496382,20.0,5.0,0.0
496424,10.0,15.0,0.0
496730,23.0,2.0,0.0
496734,21.0,4.0,0.0
496851,3.0,22.0,0.0
497393,0.0,7.0,18.0
497440,23.0,2.0,0.0
497496,0.0,10.0,15.0
497532,1.0,24.0,0.0
497836,21.0,4.0,0.0
497872,5.0,20.0,0.0
497919,22.0,3.0,0.0
497992,12.0,13.0,0.0
498369,3.0,22.0,0.0
498601,11.0,14.0,0.0
498623,0.0,15.0,10.0
498639,7.0,18.0,0.0
499067,13.0,12.0,0.0
499093,10.0,15.0,0.0
499234,13.0,12.0,0.0
499524,21.0,4.0,0.0
499558,12.0,13.0,0.0
499685,15.0,10.0,0.0
500044,3.0,22.0,0.0
500069,14.0,11.0,0.0
500706,0.0,19.0,6.0
500738,15.0,10.0,0.0
500840,0.0,19.0,6.0
501001,16.0,9.0,0.0
501147,15.0,10.0,0.0
501181,7.0,18.0,0.0
501321,9.0,16.0,0.0
501424,13.0,12.0,0.0
501669,5.0,20.0,0.0
501764,21.0,4.0,0.0
501951,5.0,20.0,0.0
502017,2.0,23.0,0.0
502052,0.0,13.0,12.0
502228,0.0,16.0,9.0
502321,10.0,15.0,0.0
502349,11.0,14.0,0.0
502359,7.0,18.0,0.0
502430,13.0,12.0,0.0
502641,16.0,9.0,0.0
502773,5.0,20.0,0.0
503655,7.0,18.0,0.0
503657,0.0,17.0,8.0
503984,3.0,22.0,0.0
504322,0.0,9.0,16.0
504323,0.0,22.0,3.0
504433,9.0,16.0,0.0
504436,0.0,17.0,8.0
504521,8.0,17.0,0.0
504541,7.0,18.0,0.0
504551,0.0,15.0,10.0
504640,9.0,16.0,0.0
504694,16.0,9.0,0.0
504724,10.0,15.0,0.0
505484,10.0,15.0,0.0
505597,5.0,20.0,0.0
505772,16.0,9.0,0.0
505811,3.0,22.0,0.0
505854,10.0,15.0,0.0
506324,9.0,16.0,0.0
506410,0.0,17.0,8.0
506690,0.0,12.0,13.0
506775,7.0,18.0,0.0
507088,0.0,17.0,8.0
507289,0.0,22.0,3.0
507367,12.0,13.0,0.0
507375,0.0,17.0,8.0
507419,10.0,15.0,0.0
507472,0.0,20.0,5.0
507568,3.0,22.0,0.0
507593,0.0,8.0,17.0
507702,16.0,9.0,0.0
507804,21.0,4.0,0.0
507884,13.0,12.0,0.0
508236,11.0,14.0,0.0
508735,0.0,12.0,13.0
509048,21.0,4.0,0.0
509050,0.0,8.0,17.0
509308,16.0,9.0,0.0
509475,1.0,24.0,0.0
509806,5.0,20.0,0.0
510120,4.0,21.0,0.0
510705,13.0,12.0,0.0
511096,5.0,20.0,0.0
511119,14.0,11.0,0.0
511313,12.0,13.0,0.0
511380,0.0,7.0,18.0
511747,21.0,4.0,0.0
511891,23.0,2.0,0.0
511928,5.0,20.0,0.0
511969,0.0,7.0,18.0
512140,7.0,18.0,0.0
512251,14.0,11.0,0.0
512393,3.0,22.0,0.0
512635,12.0,13.0,0.0
512658,0.0,22.0,3.0
512663,5.0,20.0,0.0
513340,15.0,10.0,0.0
513457,5.0,20.0,0.0
513573,0.0,11.0,14.0
513580,21.0,4.0,0.0
513771,0.0,8.0,17.0
513792,5.0,20.0,0.0
514054,20.0,5.0,0.0
514307,0.0,17.0,8.0
514379,21.0,4.0,0.0
514639,10.0,15.0,0.0
514730,0.0,17.0,8.0
515362,4.0,21.0,0.0
515475,10.0,15.0,0.0
515686,22.0,3.0,0.0
515726,13.0,12.0,0.0
516111,22.0,3.0,0.0
516185,14.0,11.0,0.0
516306,10.0,15.0,0.0
516413,10.0,15.0,0.0
516432,12.0,13.0,0.0
516706,21.0,4.0,0.0
516879,9.0,16.0,0.0
516921,17.0,8.0,0.0
517073,3.0,22.0,0.0
517289,6.0,19.0,0.0
517872,13.0,12.0,0.0
517971,21.0,4.0,0.0
518186,11.0,14.0,0.0
518230,0.0,18.0,7.0
518283,2.0,23.0,0.0
518392,16.0,9.0,0.0
518531,12.0,13.0,0.0
518961,21.0,4.0,0.0
519093,0.0,17.0,8.0
520317,15.0,10.0,0.0
520400,10.0,15.0,0.0
520439,3.0,22.0,0.0
520626,19.0,6.0,0.0
520641,0.0,12.0,13.0
520699,0.0,22.0,3.0
520758,6.0,19.0,0.0
520978,23.0,2.0,0.0
521645,15.0,10.0,0.0
521867,22.0,3.0,0.0
522477,0.0,12.0,13.0
522889,0.0,6.0,19.0
522972,16.0,9.0,0.0
523024,0.0,7.0,18.0
523045,0.0,20.0,5.0
523473,21.0,4.0,0.0
523583,13.0,12.0,0.0
523783,8.0,17.0,0.0
523898,15.0,10.0,0.0
524102,10.0,15.0,0.0
524421,19.0,6.0,0.0
524502,10.0,15.0,0.0
524619,13.0,12.0,0.0
524850,4.0,21.0,0.0
525016,0.0,7.0,18.0
525386,16.0,9.0,0.0
525711,10.0,15.0,0.0
526341,0.0,20.0,5.0
526501,4.0,21.0,0.0
526922,10.0,15.0,0.0
527076,12.0,13.0,0.0
527479,8.0,17.0,0.0
527692,12.0,13.0,0.0
527783,13.0,12.0,0.0
527789,21.0,4.0,0.0
527805,0.0,8.0,17.0
528257,0.0,18.0,7.0
528504,0.0,12.0,13.0
528523,3.0,22.0,0.0
528756,21.0,4.0,0.0
528793,13.0,12.0,0.0
528897,20.0,5.0,0.0
528933,4.0,21.0,0.0
529032,23.0,2.0,0.0
529114,0.0,8.0,17.0
529380,13.0,12.0,0.0
529447,0.0,20.0,5.0
529585,21.0,4.0,0.0
529636,0.0,3.0,22.0
530263,13.0,12.0,0.0
530267,0.0,7.0,18.0
530371,8.0,17.0,0.0
530749,4.0,21.0,0.0
530824,21.0,4.0,0.0
531205,15.0,10.0,0.0
531297,16.0,9.0,0.0
531335,15.0,10.0,0.0
531736,0.0,17.0,8.0
532213,13.0,12.0,0.0
532448,0.0,9.0,16.0
532543,3.0,22.0,0.0
532862,0.0,15.0,10.0
